<?xml version="1.0" encoding="UTF-8"?>
<project-private xmlns="http://www.netbeans.org/ns/project-private/1">
    <editor-bookmarks xmlns="http://www.netbeans.org/ns/editor-bookmarks/2" lastBookmarkId="0"/>
    <open-files xmlns="http://www.netbeans.org/ns/projectui-open-files/2">
        <group>
            <file>file:/Users/shihhaochiu/NetBeansProjects/Ch5_20191102/src/ch3_20191102/Ch3_6.java</file>
            <file>file:/Users/shihhaochiu/NetBeansProjects/Ch5_20191102/src/ch3_20191102/Ch3_othr.java</file>
            <file>file:/Users/shihhaochiu/NetBeansProjects/Ch5_20191102/src/ch3_20191102/Animal.java</file>
            <file>file:/Users/shihhaochiu/NetBeansProjects/Ch5_20191102/src/ch3_20191102/Dog.java</file>
            <file>file:/Users/shihhaochiu/NetBeansProjects/Ch5_20191102/src/ch3_20191102/Cat.java</file>
            <file>file:/Users/shihhaochiu/NetBeansProjects/Ch5_20191102/src/ch3_20191102/Ch3_7.java</file>
            <file>file:/Users/shihhaochiu/NetBeansProjects/Ch5_20191102/src/ch3_20191102/Ch3_5.java</file>
        </group>
    </open-files>
</project-private>
