<?xml version="1.0" encoding="UTF-8"?>
<project-private xmlns="http://www.netbeans.org/ns/project-private/1">
    <editor-bookmarks xmlns="http://www.netbeans.org/ns/editor-bookmarks/2" lastBookmarkId="0"/>
    <open-files xmlns="http://www.netbeans.org/ns/projectui-open-files/2">
        <group>
            <file>file:/C:/Users/xvpow/Documents/NetBeansProjects/Ch7_20191130/src/ch7_20191130/Ch7_4.java</file>
            <file>file:/C:/Users/xvpow/Documents/NetBeansProjects/Ch7_20191130/src/ch7_20191130/MyArray.java</file>
            <file>file:/C:/Users/xvpow/Documents/NetBeansProjects/Ch7_20191130/src/ch7_20191130/Iterator.java</file>
            <file>file:/C:/Users/xvpow/Documents/NetBeansProjects/Ch7_20191130/src/ch7_20191130/MyArray2.java</file>
            <file>file:/C:/Users/xvpow/Documents/NetBeansProjects/Ch7_20191130/src/ch7_20191130/PrintStyle.java</file>
        </group>
    </open-files>
</project-private>
